decision_gw,squad_no,start_ft,wait,total_transfers,spend_predicted,spend_realised,hold_predicted,hold_realised,hold_edge
10,0,1,1,2,16.00581689019441,4.0,27.90566438332891,36.0,32.0
10,0,1,2,3,16.00581689019441,27.0,33.61113992782006,31.0,4.0
10,0,2,1,3,31.910514104840217,-3.0,32.809753817791574,41.0,44.0
10,0,2,2,4,31.910514104840217,20.0,39.21578064196203,44.0,24.0
10,1,1,1,2,15.890827308292131,-3.0,27.90566438332891,28.0,31.0
10,1,1,2,3,15.890827308292131,-1.0,33.85270560119477,45.0,46.0
10,1,2,1,3,31.79552452293794,1.0,36.167896835784376,38.0,37.0
10,1,2,2,4,31.79552452293794,-1.0,40.86352781598174,42.0,43.0
10,2,1,1,2,16.00581689019441,17.0,22.791577173111506,30.0,13.0
10,2,1,2,3,16.00581689019441,19.0,30.804633891918627,43.0,24.0
10,2,2,1,3,25.21975652710921,16.0,26.080363132572444,55.0,39.0
10,2,2,2,4,25.21975652710921,36.0,35.420188193700284,38.0,2.0
10,3,1,1,2,16.005816890194467,12.0,20.106102113011815,35.0,23.0
10,3,1,2,3,16.005816890194467,4.0,30.69562276449051,37.0,33.0
10,3,2,1,3,22.1486268021348,14.0,25.010191547474477,22.0,8.0
10,3,2,2,4,22.1486268021348,42.0,34.35392971363905,46.0,4.0
10,4,1,1,2,16.00581689019441,6.0,20.106102113011815,8.0,2.0
10,4,1,2,3,16.00581689019441,6.0,27.237345211444335,7.0,1.0
10,4,2,1,3,22.48007639895792,-26.0,25.010191547474477,13.0,39.0
10,4,2,2,4,22.48007639895792,-3.0,29.447292355409274,13.0,16.0
10,5,1,1,2,16.00581689019441,4.0,20.840100804260544,13.0,9.0
10,5,1,2,3,16.00581689019441,4.0,28.54979762522538,21.0,17.0
10,5,2,1,3,22.525113956496398,-1.0,25.919257142589004,46.0,47.0
10,5,2,2,4,22.525113956496398,-1.0,33.91287266599264,35.0,36.0
10,6,1,1,2,14.315787062207221,19.0,22.791577173111506,51.0,32.0
10,6,1,2,3,14.315787062207221,21.0,29.874178797824385,40.0,19.0
10,6,2,1,3,23.529726699122023,0.0,30.47154879274376,47.0,47.0
10,6,2,2,4,23.529726699122023,20.0,33.03836644599821,39.0,19.0
10,7,1,1,2,15.89082730829216,18.0,22.791577173111506,62.0,44.0
10,7,1,2,3,15.89082730829216,32.0,30.517546467711327,36.0,4.0
10,7,2,1,3,25.10476694520696,24.0,27.44653869962613,59.0,35.0
10,7,2,2,4,25.10476694520696,44.0,34.019323968290934,46.0,2.0
10,8,1,1,2,15.89082730829216,18.0,23.36535533957948,49.0,31.0
10,8,1,2,3,15.89082730829216,48.0,33.36614931402275,64.0,16.0
10,8,2,1,3,25.10476694520696,35.0,29.454934469165067,52.0,17.0
10,8,2,2,4,25.10476694520696,49.0,37.981703615804406,74.0,25.0
10,9,1,1,2,16.005816890194467,23.0,20.106102113011815,38.0,15.0
10,9,1,2,3,16.005816890194467,21.0,27.237345211444335,14.0,-7.0
10,9,2,1,3,22.64987361743721,13.0,28.36833456546728,17.0,4.0
10,9,2,2,4,22.64987361743721,7.0,31.08317622820647,23.0,16.0
12,0,1,1,2,3.582935865683112,1.0,9.884697636331083,-8.0,-9.0
12,0,1,2,3,3.582935865683112,7.0,11.313547648103963,4.0,-3.0
12,0,2,1,3,11.420704649408947,1.0,11.281115006327013,-4.0,-5.0
12,0,2,2,4,11.420704649408947,-19.0,14.25631655264084,-6.0,13.0
12,1,1,1,2,13.972558764351277,1.0,16.466220346935756,-12.0,-13.0
12,1,1,2,3,13.972558764351277,-8.0,22.048013294447543,-30.0,-22.0
12,1,2,1,3,20.522892458293825,4.0,20.704638237412183,-13.0,-17.0
12,1,2,2,4,20.522892458293825,-8.0,24.65166255967563,5.0,13.0
12,2,1,1,2,10.198473487908188,14.0,19.96290009010437,15.0,1.0
12,2,1,2,3,10.198473487908188,16.0,27.646642223522633,-10.0,-26.0
12,2,2,1,3,18.58655333282519,12.0,30.320793459059473,16.0,4.0
12,2,2,2,4,18.58655333282519,5.0,29.892192010431415,20.0,15.0
12,3,1,1,2,8.802533871062678,-8.0,14.63812395119038,5.0,13.0
12,3,1,2,3,8.802533871062678,-2.0,22.378829934297812,-15.0,-13.0
12,3,2,1,3,25.989931990841,-8.0,27.964760005392947,-4.0,4.0
12,3,2,2,4,25.989931990841,-14.0,24.218474624067937,8.0,22.0
12,4,1,1,2,10.19847348790816,17.0,18.96956687278427,18.0,1.0
12,4,1,2,3,10.19847348790816,25.0,19.542237326524713,2.0,-23.0
12,4,2,1,3,19.485869622827153,53.0,22.398790680866938,45.0,-8.0
12,4,2,2,4,19.485869622827153,51.0,22.141089564000566,8.0,-43.0
12,5,1,1,2,10.198473487908188,35.0,19.592221863530398,28.0,-7.0
12,5,1,2,3,10.198473487908188,35.0,19.905280749063223,6.0,-29.0
12,5,2,1,3,16.895617431224423,41.0,22.208798494584755,27.0,-14.0
12,5,2,2,4,16.895617431224423,49.0,25.750129736412788,14.0,-35.0
12,6,1,1,2,8.802533871062678,6.0,24.176777392549184,17.0,11.0
12,6,1,2,3,8.802533871062678,5.0,30.051051941012446,-14.0,-19.0
12,6,2,1,3,22.775092635413955,23.0,32.17299878860237,34.0,11.0
12,6,2,2,4,22.775092635413955,8.0,31.667057493668807,7.0,-1.0
12,7,1,1,2,10.198473487908188,17.0,19.250955037641518,18.0,1.0
12,7,1,2,3,10.198473487908188,22.0,21.28858157769099,-8.0,-30.0
12,7,2,1,3,17.830292544728877,14.0,25.976849664489635,24.0,10.0
12,7,2,2,4,17.830292544728877,14.0,24.319084240875725,-8.0,-22.0
12,8,1,1,2,13.972558764351334,-11.0,19.849909955867957,-2.0,9.0
12,8,1,2,3,13.972558764351334,-10.0,23.75899948090884,0.0,10.0
12,8,2,1,3,22.50427740742424,3.0,26.02341684916135,25.0,22.0
12,8,2,2,4,22.50427740742424,0.0,27.386496179056536,11.0,11.0
12,9,1,1,2,8.802533871062622,4.0,19.2051215391609,15.0,11.0
12,9,1,2,3,8.802533871062622,10.0,20.553700976927416,0.0,-10.0
12,9,2,1,3,13.574379622696881,-3.0,21.821698170215257,11.0,14.0
12,9,2,2,4,13.574379622696881,3.0,15.808435091964412,19.0,16.0
14,0,1,1,2,8.307414102941152,8.0,14.773544005543329,8.0,0.0
14,0,1,2,3,8.307414102941152,1.0,14.477118631349185,10.0,9.0
14,0,2,1,3,17.604829519649513,0.0,19.451987342620555,18.0,18.0
14,0,2,2,4,17.604829519649513,-1.0,17.286351320200424,-5.0,-4.0
14,1,1,1,2,19.909524040116594,-9.0,32.464997674329226,1.0,10.0
14,1,1,2,3,19.909524040116594,-18.0,30.551313690830597,-6.0,12.0
14,1,2,1,3,35.24488791161684,-10.0,44.493342473805285,33.0,43.0
14,1,2,2,4,35.24488791161684,-19.0,41.60845947831851,-7.0,12.0
14,2,1,1,2,19.97119614591236,16.0,33.514690436262015,26.0,10.0
14,2,1,2,3,19.97119614591236,11.0,29.669652135366732,-2.0,-13.0
14,2,2,1,3,33.747697152062244,-1.0,38.00772549711442,18.0,19.0
14,2,2,2,4,33.747697152062244,-1.0,31.399753241865255,18.0,19.0
14,3,1,1,2,19.909524040116594,-11.0,25.05959028126682,22.0,33.0
14,3,1,2,3,19.909524040116594,3.0,28.861676969089075,22.0,19.0
14,3,2,1,3,26.263745212506365,-13.0,34.65351795337648,9.0,22.0
14,3,2,2,4,26.263745212506365,-7.0,30.58897917661639,35.0,42.0
14,4,1,1,2,9.525260696630625,-5.0,21.20160674565986,-6.0,-1.0
14,4,1,2,3,9.525260696630625,5.0,22.358733898852307,-4.0,-9.0
14,4,2,1,3,24.258391094951975,28.0,26.999736306412444,3.0,-25.0
14,4,2,2,4,24.258391094951975,31.0,26.517389427038466,-1.0,-32.0
14,5,1,1,2,17.2291879737204,15.0,21.54084012067426,-8.0,-23.0
14,5,1,2,3,17.2291879737204,11.0,27.108659845457083,-10.0,-21.0
14,5,2,1,3,25.07657682962838,-8.0,33.6303134313637,16.0,24.0
14,5,2,2,4,25.07657682962838,-9.0,35.81404022934527,-10.0,-1.0
14,6,1,1,2,19.909524040116594,-21.0,24.103243673816337,-15.0,6.0
14,6,1,2,3,19.909524040116594,-18.0,28.903318302390034,-15.0,3.0
14,6,2,1,3,23.330940179822846,-33.0,27.781584987460974,-25.0,8.0
14,6,2,2,4,23.330940179822846,-43.0,32.08592112280067,-3.0,40.0
14,7,1,1,2,19.90952404011665,-13.0,21.89986215741186,-3.0,10.0
14,7,1,2,3,19.90952404011665,-18.0,26.291781979791523,3.0,21.0
14,7,2,1,3,27.975854038981538,-16.0,25.719777548787476,10.0,26.0
14,7,2,2,4,27.975854038981538,-15.0,28.064993185320276,9.0,24.0
14,8,1,1,2,19.909524040116594,-3.0,25.894942550886668,7.0,10.0
14,8,1,2,3,19.909524040116594,-21.0,26.02474910375318,-11.0,10.0
14,8,2,1,3,27.169897802349567,-24.0,30.857719842019407,-25.0,-1.0
14,8,2,2,4,27.169897802349567,-34.0,28.751539407348474,-26.0,8.0
14,9,1,1,2,19.97119614591236,9.0,23.369585737140852,23.0,14.0
14,9,1,2,3,19.97119614591236,4.0,17.99300654307291,23.0,19.0
14,9,2,1,3,38.08775412417822,5.0,26.379831927483252,-4.0,-9.0
14,9,2,2,4,38.08775412417822,0.0,16.110197439870518,18.0,18.0
16,0,1,1,2,15.953203918142805,-24.0,25.355324613001102,14.0,38.0
16,0,1,2,3,15.953203918142805,-5.0,39.072275600169945,11.0,16.0
16,0,2,1,3,33.069774448317986,0.0,45.037893374675974,0.0,0.0
16,0,2,2,4,33.069774448317986,1.0,44.52574767839968,24.0,23.0
16,1,1,1,2,15.953203918142805,-1.0,35.71162069562743,13.0,14.0
16,1,1,2,3,15.953203918142805,10.0,38.99926800927034,32.0,22.0
16,1,2,1,3,32.740284553875995,37.0,45.79281363125449,28.0,-9.0
16,1,2,2,4,32.740284553875995,43.0,48.307466360016576,20.0,-23.0
16,2,1,1,2,18.01383625096929,21.0,34.8746897946902,18.0,-3.0
16,2,1,2,3,18.01383625096929,29.0,38.78736323303285,28.0,-1.0
16,2,2,1,3,34.12863982210476,19.0,44.067752378098874,7.0,-12.0
16,2,2,2,4,34.12863982210476,39.0,43.96736148184998,34.0,-5.0
16,3,1,1,2,13.862220799437154,3.0,32.10127679052363,5.0,2.0
16,3,1,2,3,13.862220799437154,9.0,33.29225569176103,23.0,14.0
16,3,2,1,3,35.09759669170231,23.0,50.32739735236984,23.0,0.0
16,3,2,2,4,35.09759669170231,22.0,46.74555571731216,36.0,14.0
16,4,1,1,2,7.6803583390918675,-16.0,17.638944528307064,-21.0,-5.0
16,4,1,2,3,7.6803583390918675,1.0,23.877637463476532,-10.0,-11.0
16,4,2,1,3,16.62736792099838,-19.0,27.192618103681497,-32.0,-13.0
16,4,2,2,4,16.62736792099838,-16.0,30.185297567323005,-18.0,-2.0
16,5,1,1,2,11.01853341610098,26.0,25.892887525186325,19.0,-7.0
16,5,1,2,3,11.01853341610098,12.0,25.387258320999905,7.0,-5.0
16,5,2,1,3,22.336151330531038,22.0,27.706744679181753,3.0,-19.0
16,5,2,2,4,22.336151330531038,25.0,38.14337144639745,0.0,-25.0
16,6,1,1,2,15.953203918142805,-17.0,33.09592448109311,9.0,26.0
16,6,1,2,3,15.953203918142805,-32.0,46.206398450113255,30.0,62.0
16,6,2,1,3,33.069774448317986,15.0,52.94113450463175,25.0,10.0
16,6,2,2,4,33.069774448317986,0.0,53.041893530121456,43.0,43.0
16,7,1,1,2,18.01383625096932,12.0,34.706194052777875,2.0,-10.0
16,7,1,2,3,18.01383625096932,16.0,37.26595491225048,36.0,20.0
16,7,2,1,3,35.13040678114447,15.0,43.73661537432281,-12.0,-27.0
16,7,2,2,4,35.13040678114447,19.0,42.59976521757697,18.0,-1.0
16,8,1,1,2,12.478904109440435,-3.0,26.461650204876463,1.0,4.0
16,8,1,2,3,12.478904109440435,14.0,34.35377109848824,16.0,2.0
16,8,2,1,3,26.801368072969495,0.0,35.04033541214838,8.0,8.0
16,8,2,2,4,26.801368072969495,-25.0,37.925098732491534,8.0,33.0
16,9,1,1,2,12.478904109440464,-3.0,24.35575245020013,25.0,28.0
16,9,1,2,3,12.478904109440464,-21.0,30.461664602181315,3.0,24.0
16,9,2,1,3,23.67564453821268,1.0,30.61757846337875,-21.0,-22.0
16,9,2,2,4,23.67564453821268,5.0,45.465433626456985,15.0,10.0
18,0,1,1,2,16.724156025103298,9.0,16.01061423492726,-5.0,-14.0
18,0,1,2,3,16.724156025103298,13.0,25.19337673841281,22.0,9.0
18,0,2,1,3,14.417784871635831,-17.0,27.663083982046174,13.0,30.0
18,0,2,2,4,14.417784871635831,-13.0,32.565828641837754,26.0,39.0
18,1,1,1,2,10.534307689032914,8.0,18.384924105351075,15.0,7.0
18,1,1,2,3,10.534307689032914,15.0,19.77788273520008,8.0,-7.0
18,1,2,1,3,16.142852225351362,-2.0,17.45376467981265,23.0,25.0
18,1,2,2,4,16.142852225351362,5.0,15.958545817262717,32.0,27.0
18,2,1,1,2,10.449860493285087,20.0,19.913147560489904,35.0,15.0
18,2,1,2,3,10.449860493285087,23.0,24.669741734965896,5.0,-18.0
18,2,2,1,3,28.54873268351912,6.0,30.477621350221227,4.0,-2.0
18,2,2,2,4,28.54873268351912,9.0,31.67513520466889,18.0,9.0
18,3,1,1,2,15.692444236768466,40.0,29.999665402794392,40.0,0.0
18,3,1,2,3,15.692444236768466,53.0,26.11708095362357,33.0,-20.0
18,3,2,1,3,30.653842304412052,33.0,36.59129070418297,33.0,0.0
18,3,2,2,4,30.653842304412052,46.0,33.45366908012241,5.0,-41.0
18,4,1,1,2,16.877396645663396,35.0,27.89447219285813,41.0,6.0
18,4,1,2,3,16.877396645663396,40.0,31.23188652250451,11.0,-29.0
18,4,2,1,3,31.83879471330698,15.0,35.84716664488599,8.0,-7.0
18,4,2,2,4,31.83879471330698,23.0,35.325157280067685,15.0,-8.0
18,5,1,1,2,9.181633136588317,24.0,24.146631800380476,14.0,-10.0
18,5,1,2,3,9.181633136588317,30.0,24.243154100281828,42.0,12.0
18,5,2,1,3,25.992334224748873,27.0,41.37178663565791,23.0,-4.0
18,5,2,2,4,25.992334224748873,33.0,27.006421037813368,42.0,9.0
18,6,1,1,2,16.877396645663396,17.0,30.935503972629533,7.0,-10.0
18,6,1,2,3,16.877396645663396,20.0,27.677011039351896,27.0,7.0
18,6,2,1,3,34.561414183819466,18.0,35.758386025798046,-4.0,-22.0
18,6,2,2,4,34.561414183819466,21.0,31.556083254864603,1.0,-20.0
18,7,1,1,2,10.534307689032858,19.0,25.202382832698362,18.0,-1.0
18,7,1,2,3,10.534307689032858,29.0,16.279300022150096,27.0,-2.0
18,7,2,1,3,27.491456691186954,17.0,31.82303778820446,16.0,-1.0
18,7,2,2,4,27.491456691186954,27.0,19.042566959681636,41.0,14.0
18,8,1,1,2,16.877396645663396,20.0,21.321163148607752,20.0,0.0
18,8,1,2,3,16.877396645663396,22.0,19.68085408158956,19.0,-3.0
18,8,2,1,3,22.826230298958592,23.0,39.72559462164918,14.0,-9.0
18,8,2,2,4,22.826230298958592,18.0,30.516692725829387,17.0,-1.0
18,9,1,1,2,16.877396645663453,14.0,33.10493966614308,14.0,0.0
18,9,1,2,3,16.877396645663453,23.0,29.69934354172753,33.0,10.0
18,9,2,1,3,36.87745663313382,19.0,40.456214900500356,34.0,15.0
18,9,2,2,4,36.87745663313382,27.0,31.029208149545667,28.0,1.0
20,0,1,1,2,6.82350389332737,22.0,18.195881020916687,15.0,-7.0
20,0,1,2,3,6.82350389332737,39.0,22.756241659155393,20.0,-19.0
20,0,2,1,3,19.14799301294937,27.0,24.934568781239847,1.0,-26.0
20,0,2,2,4,19.14799301294937,33.0,31.33166837211411,34.0,1.0
20,1,1,1,2,19.478228000550303,-5.0,23.083924216755634,-6.0,-1.0
20,1,1,2,3,19.478228000550303,4.0,23.410014877708647,3.0,-1.0
20,1,2,1,3,26.63452820571962,0.0,31.381670908063427,-19.0,-19.0
20,1,2,2,4,26.63452820571962,10.0,25.42048976198697,1.0,-9.0
20,2,1,1,2,7.381956660346702,2.0,16.973219104219197,12.0,10.0
20,2,1,2,3,7.381956660346702,13.0,20.52706272678779,-2.0,-15.0
20,2,2,1,3,19.48078932479126,1.0,18.969496753429382,-36.0,-37.0
20,2,2,2,4,19.48078932479126,-10.0,33.42987019650781,5.0,15.0
20,3,1,1,2,18.484517273245274,-5.0,25.191324790490683,-2.0,3.0
20,3,1,2,3,18.484517273245274,-23.0,24.16469231816498,11.0,34.0
20,3,2,1,3,24.597353667586333,-13.0,31.451900333170727,-16.0,-3.0
20,3,2,2,4,24.597353667586333,-30.0,27.30476898779918,17.0,47.0
20,4,1,1,2,10.713962079686155,-11.0,16.355260950708896,-20.0,-9.0
20,4,1,2,3,10.713962079686155,-28.0,17.772899021064234,-4.0,24.0
20,4,2,1,3,18.755977931169184,-23.0,21.618286277398596,-17.0,6.0
20,4,2,2,4,18.755977931169184,-40.0,21.19885147027361,-1.0,39.0
20,5,1,1,2,7.381956660346702,3.0,17.940904642406565,0.0,-3.0
20,5,1,2,3,7.381956660346702,18.0,19.297157133236794,9.0,-9.0
20,5,2,1,3,19.480789324791317,10.0,24.273767709045927,-2.0,-12.0
20,5,2,2,4,19.480789324791317,33.0,27.928209822785675,14.0,-19.0
20,6,1,1,2,11.11460770055703,-12.0,13.388086136900057,-28.0,-16.0
20,6,1,2,3,11.11460770055703,4.0,20.38140888865354,8.0,4.0
20,6,2,1,3,16.271147383325854,-15.0,17.053390328967453,-31.0,-16.0
20,6,2,2,4,16.271147383325854,1.0,22.714504887878405,13.0,12.0
20,7,1,1,2,19.478228000550303,4.0,29.891076030846165,-1.0,-5.0
20,7,1,2,3,19.478228000550303,26.0,31.91683564650188,16.0,-10.0
20,7,2,1,3,31.577060664994917,19.0,33.465703104609844,1.0,-18.0
20,7,2,2,4,31.577060664994917,27.0,25.318032010416005,-2.0,-29.0
20,8,1,1,2,18.25886081806783,2.0,29.642516574630605,-10.0,-12.0
20,8,1,2,3,18.25886081806783,25.0,30.736721617345154,45.0,20.0
20,8,2,1,3,27.311021767784496,11.0,35.821663134560396,-5.0,-16.0
20,8,2,2,4,27.311021767784496,32.0,35.83142621640931,56.0,24.0
20,9,1,1,2,6.763150953994256,5.0,17.940904642406593,5.0,0.0
20,9,1,2,3,6.763150953994256,16.0,29.794401381133156,40.0,24.0
20,9,2,1,3,18.86198361843887,16.0,24.220331962558532,-5.0,-21.0
20,9,2,2,4,18.86198361843887,29.0,34.241655085543044,31.0,2.0
22,0,1,1,2,12.366169391943004,25.0,24.852007349405994,26.0,1.0
22,0,1,2,3,12.366169391943004,28.0,21.701687878810503,20.0,-8.0
22,0,2,1,3,23.57121103761898,15.0,32.73923676721523,-5.0,-20.0
22,0,2,2,4,23.57121103761898,19.0,33.17899349985382,28.0,9.0
22,1,1,1,2,22.02552901244752,20.0,26.114695342355702,6.0,-14.0
22,1,1,2,3,22.02552901244752,17.0,31.00615492963368,-3.0,-20.0
22,1,2,1,3,25.578924530409438,0.0,28.975355386413753,3.0,3.0
22,1,2,2,4,25.578924530409438,0.0,31.33071550041592,-10.0,-10.0
22,2,1,1,2,12.366169391943004,28.0,27.335748245501037,15.0,-13.0
22,2,1,2,3,12.366169391943004,34.0,35.58977233415672,32.0,-2.0
22,2,2,1,3,27.37876884391966,37.0,40.80623039805093,32.0,-5.0
22,2,2,2,4,27.37876884391966,43.0,39.16521591576486,38.0,-5.0
22,3,1,1,2,5.708164090748369,8.0,24.806855419999522,0.0,-8.0
22,3,1,2,3,5.708164090748369,14.0,26.488693438794314,8.0,-6.0
22,3,2,1,3,29.10567277483426,20.0,29.186194282052554,14.0,-6.0
22,3,2,2,4,29.10567277483426,10.0,28.68462936767864,16.0,6.0
22,4,1,1,2,18.04904734628235,10.0,26.78523519612955,16.0,6.0
22,4,1,2,3,18.04904734628235,22.0,31.6714933629832,26.0,4.0
22,4,2,1,3,28.273830490208525,34.0,46.155535128218105,18.0,-16.0
22,4,2,2,4,28.273830490208525,31.0,34.192262497108146,31.0,0.0
22,5,1,1,2,15.716024669012654,28.0,27.877553396885503,25.0,-3.0
22,5,1,2,3,15.716024669012654,33.0,28.27503769362974,10.0,-23.0
22,5,2,1,3,28.082194060955658,35.0,32.83450005529352,28.0,-7.0
22,5,2,2,4,28.082194060955658,34.0,31.171846636570024,4.0,-30.0
22,6,1,1,2,5.890856391373461,28.0,19.616421531638792,25.0,-3.0
22,6,1,2,3,5.890856391373461,31.0,30.052153611976735,10.0,-21.0
22,6,2,1,3,21.916872797517726,44.0,27.847754493486008,30.0,-14.0
22,6,2,2,4,21.916872797517726,49.0,35.20393927597493,18.0,-31.0
22,7,1,1,2,8.606423563191072,2.0,32.68776213525527,20.0,18.0
22,7,1,2,3,8.606423563191072,8.0,27.11977557031767,28.0,20.0
22,7,2,1,3,36.25714925514194,22.0,30.63587279608734,20.0,-2.0
22,7,2,2,4,36.25714925514194,27.0,36.40553704186047,35.0,8.0
22,8,1,1,2,16.417244002921677,6.0,36.63942065305676,6.0,0.0
22,8,1,2,3,16.417244002921677,19.0,32.14142153074377,7.0,-12.0
22,8,2,1,3,38.84612366064238,12.0,36.14015426607392,12.0,0.0
22,8,2,2,4,38.84612366064238,18.0,48.746602216814495,17.0,-1.0
22,9,1,1,2,7.117120146413811,12.0,16.017978845541535,10.0,-2.0
22,9,1,2,3,7.117120146413811,2.0,19.94767384247831,13.0,11.0
22,9,2,1,3,19.43557439302856,20.0,21.30656691944594,10.0,-10.0
22,9,2,2,4,19.43557439302856,10.0,30.000516387777083,10.0,0.0
24,0,1,1,2,9.75702857349188,1.0,19.617996276304183,-17.0,-18.0
24,0,1,2,3,9.75702857349188,3.0,21.74286537300813,-12.0,-15.0
24,0,2,1,3,17.59345778422454,-5.0,25.37699912377022,-10.0,-5.0
24,0,2,2,4,17.59345778422454,-2.0,28.896216995562526,-8.0,-6.0
24,1,1,1,2,17.502641886230663,14.0,28.12779910878305,28.0,14.0
24,1,1,2,3,17.502641886230663,16.0,30.065804244186808,20.0,4.0
24,1,2,1,3,32.39097052100516,21.0,36.43917113961555,14.0,-7.0
24,1,2,2,4,32.39097052100516,23.0,40.30674450587949,19.0,-4.0
24,2,1,1,2,13.024836578031454,3.0,16.33028060407736,-8.0,-11.0
24,2,1,2,3,13.024836578031454,0.0,27.424261416039855,8.0,8.0
24,2,2,1,3,17.44849102568054,5.0,34.975435300457434,6.0,1.0
24,2,2,2,4,17.44849102568054,2.0,28.620488664188997,0.0,-2.0
24,3,1,1,2,7.8129691819143545,-5.0,28.83102028627613,13.0,18.0
24,3,1,2,3,7.8129691819143545,-10.0,34.84326899316531,14.0,24.0
24,3,2,1,3,31.617020410911437,8.0,43.13401635574104,10.0,2.0
24,3,2,2,4,31.617020410911437,-2.0,37.61982059765333,20.0,22.0
24,4,1,1,2,3.5996483412320686,-11.0,15.004740191320309,0.0,11.0
24,4,1,2,3,3.5996483412320686,-20.0,20.733335909927007,6.0,26.0
24,4,2,1,3,13.302079450317194,-10.0,23.18854699181105,0.0,10.0
24,4,2,2,4,13.302079450317194,-12.0,29.16089427601085,-3.0,9.0
24,5,1,1,2,17.502641886230634,9.0,34.91065591727184,9.0,0.0
24,5,1,2,3,17.502641886230634,10.0,33.623225662756795,-9.0,-19.0
24,5,2,1,3,36.58859854441366,8.0,41.190920805349464,-5.0,-13.0
24,5,2,2,4,36.58859854441366,-4.0,41.958667849068235,-4.0,0.0
24,6,1,1,2,14.39620772097743,4.0,25.697972500654345,-6.0,-10.0
24,6,1,2,3,14.39620772097743,15.0,24.756607959027463,-22.0,-37.0
24,6,2,1,3,21.120523918259778,6.0,25.56570412505087,0.0,-6.0
24,6,2,2,4,21.120523918259778,17.0,29.341800284363103,-18.0,-35.0
24,7,1,1,2,6.625235295597008,15.0,24.43588525386977,9.0,-6.0
24,7,1,2,3,6.625235295597008,17.0,28.434759419482504,-13.0,-30.0
24,7,2,1,3,22.619346644284292,17.0,29.92142310516337,7.0,-10.0
24,7,2,2,4,22.619346644284292,7.0,33.31391416762639,-5.0,-12.0
24,8,1,1,2,10.101213719430291,8.0,16.859421783176288,23.0,15.0
24,8,1,2,3,10.101213719430291,6.0,25.227531209341237,27.0,21.0
24,8,2,1,3,17.3540155726825,11.0,29.466753040235716,23.0,12.0
24,8,2,2,4,17.3540155726825,13.0,28.954161846793824,10.0,-3.0
24,9,1,1,2,22.811193059311847,11.0,36.731752406632154,9.0,-2.0
24,9,1,2,3,22.811193059311847,4.0,40.361782752641304,35.0,31.0
24,9,2,1,3,40.09215029074247,19.0,50.850325728800414,20.0,1.0
24,9,2,2,4,40.09215029074247,8.0,50.74782681729481,24.0,16.0
26,0,1,1,2,21.17138544368794,-3.0,37.1342405389459,-5.0,-2.0
26,0,1,2,3,21.17138544368794,-4.0,31.82251014261317,9.0,13.0
26,0,2,1,3,41.974360089215565,-15.0,40.51026082118648,3.0,18.0
26,0,2,2,4,41.974360089215565,-14.0,35.742546639132485,5.0,19.0
26,1,1,1,2,10.647048395250522,-15.0,30.67759412881506,-10.0,5.0
26,1,1,2,3,10.647048395250522,-15.0,26.10156105864641,-6.0,9.0
26,1,2,1,3,35.506111828188466,18.0,34.63843020804498,-16.0,-34.0
26,1,2,2,4,35.506111828188466,18.0,32.13669406935898,-15.0,-33.0
26,2,1,1,2,24.363826067468864,14.0,37.61649011947759,3.0,-11.0
26,2,1,2,3,24.363826067468864,9.0,32.93194420161183,-27.0,-36.0
26,2,2,1,3,38.158856542458494,16.0,36.76544895092155,1.0,-15.0
26,2,2,2,4,38.158856542458494,9.0,42.14489117776466,-14.0,-23.0
26,3,1,1,2,20.149233712784735,12.0,25.91794418228116,-3.0,-15.0
26,3,1,2,3,20.149233712784735,10.0,34.07694515283224,12.0,2.0
26,3,2,1,3,34.087023416887405,52.0,40.00830774068834,19.0,-33.0
26,3,2,2,4,34.087023416887405,57.0,41.44932618571751,40.0,-17.0
26,4,1,1,2,20.149233712784707,4.0,32.57009999367253,10.0,6.0
26,4,1,2,3,20.149233712784707,-15.0,30.132846828772614,-12.0,3.0
26,4,2,1,3,38.852484020233504,12.0,39.002515105688616,-20.0,-32.0
26,4,2,2,4,38.852484020233504,1.0,34.55543656772272,-31.0,-32.0
26,5,1,1,2,8.497025491914258,-35.0,15.59785222654611,-32.0,3.0
26,5,1,2,3,8.497025491914258,-38.0,17.59979207437064,-41.0,-3.0
26,5,2,1,3,22.964595004610942,3.0,21.231454752383257,-37.0,-40.0
26,5,2,2,4,22.964595004610942,0.0,24.253857422706744,-17.0,-17.0
26,6,1,1,2,20.149233712784735,-3.0,26.011697558072967,-2.0,1.0
26,6,1,2,3,20.149233712784735,-15.0,31.16266109557185,-3.0,12.0
26,6,2,1,3,38.621858194978756,-1.0,31.907444706889976,-4.0,-3.0
26,6,2,2,4,38.621858194978756,4.0,36.84995353106268,31.0,27.0
26,7,1,1,2,16.81928996406708,34.0,20.767394790207646,4.0,-30.0
26,7,1,2,3,16.81928996406708,41.0,23.270698229931526,9.0,-32.0
26,7,2,1,3,31.25473415891838,25.0,26.72145712611365,12.0,-13.0
26,7,2,2,4,31.25473415891838,38.0,29.488450856375664,14.0,-24.0
26,8,1,1,2,11.325603911930841,21.0,16.32365622611482,-16.0,-37.0
26,8,1,2,3,11.325603911930841,16.0,22.54242273961495,-11.0,-27.0
26,8,2,1,3,21.86687838591729,18.0,24.47228981698305,-1.0,-19.0
26,8,2,2,4,21.86687838591729,37.0,26.4398198246831,22.0,-15.0
26,9,1,1,2,20.149233712784678,-23.0,24.369481016814632,-18.0,5.0
26,9,1,2,3,20.149233712784678,-9.0,32.8029494937588,-14.0,-5.0
26,9,2,1,3,31.647884037327515,18.0,35.903722633496955,-7.0,-25.0
26,9,2,2,4,31.647884037327515,8.0,35.48266774053181,-7.0,-15.0
28,0,1,1,2,9.808695486206943,6.0,19.86772928667125,35.0,29.0
28,0,1,2,3,9.808695486206943,2.0,23.531644718842443,47.0,45.0
28,0,2,1,3,21.870389289775545,54.0,25.357092986623826,44.0,-10.0
28,0,2,2,4,21.870389289775545,47.0,33.35117072385117,45.0,-2.0
28,1,1,1,2,11.722425779880012,-13.0,21.729400491593566,25.0,38.0
28,1,1,2,3,11.722425779880012,-5.0,28.5923278347922,40.0,45.0
28,1,2,1,3,24.9745621597545,8.0,33.08032607605455,30.0,22.0
28,1,2,2,4,24.9745621597545,16.0,37.8636811981217,62.0,46.0
28,2,1,1,2,6.477659672080165,21.0,10.420466787776462,21.0,0.0
28,2,1,2,3,6.477659672080165,30.0,14.208247892412459,25.0,-5.0
28,2,2,1,3,12.104822482025213,36.0,14.174972696419019,31.0,-5.0
28,2,2,2,4,12.104822482025213,52.0,15.807779534264483,21.0,-31.0
28,3,1,1,2,13.124453459723668,11.0,22.820440238174058,12.0,1.0
28,3,1,2,3,13.124453459723668,28.0,21.405085623335623,26.0,-2.0
28,3,2,1,3,24.930042105959785,7.0,30.61793890264522,10.0,3.0
28,3,2,2,4,24.930042105959785,24.0,25.04816418188952,28.0,4.0
28,4,1,1,2,9.808695486206943,-11.0,15.936807825358414,8.0,19.0
28,4,1,2,3,9.808695486206943,6.0,21.802617572584325,38.0,32.0
28,4,2,1,3,18.630501436100246,17.0,22.823299610729322,23.0,6.0
28,4,2,2,4,18.630501436100246,34.0,27.43671607654747,43.0,9.0
28,5,1,1,2,13.124453459723668,15.0,23.38250577280897,6.0,-9.0
28,5,1,2,3,13.124453459723668,10.0,23.95638275344433,36.0,26.0
28,5,2,1,3,26.762450641934578,17.0,26.346857298093937,13.0,-4.0
28,5,2,2,4,26.762450641934578,15.0,28.53123088230967,57.0,42.0
28,6,1,1,2,12.609290770780945,11.0,21.84931978706581,13.0,2.0
28,6,1,2,3,12.609290770780945,9.0,22.993904623439164,23.0,14.0
28,6,2,1,3,24.903509155711248,9.0,28.547595638912526,33.0,24.0
28,6,2,2,4,24.903509155711248,20.0,31.018863585757686,18.0,-2.0
28,7,1,1,2,10.78196386293041,-1.0,19.041547318459322,1.0,2.0
28,7,1,2,3,10.78196386293041,19.0,19.15059464217839,28.0,9.0
28,7,2,1,3,20.590659349137354,7.0,23.306027673257887,10.0,3.0
28,7,2,2,4,20.590659349137354,15.0,26.800492600991447,42.0,27.0
28,8,1,1,2,11.722425779880012,-16.0,22.815192544830012,17.0,33.0
28,8,1,2,3,11.722425779880012,-6.0,27.205859466620453,7.0,13.0
28,8,2,1,3,27.220384594795433,11.0,34.16611812929099,29.0,18.0
28,8,2,2,4,27.220384594795433,31.0,35.61886723729209,30.0,-1.0
28,9,1,1,2,12.870219846979921,9.0,20.210273281008824,16.0,7.0
28,9,1,2,3,12.870219846979921,44.0,25.455229158285235,37.0,-7.0
28,9,2,1,3,24.832400361792565,55.0,28.027152411578868,44.0,-11.0
28,9,2,2,4,24.832400361792565,72.0,30.696740756799144,43.0,-29.0
30,0,1,1,2,5.284417637691547,56.0,15.548394230422616,28.0,-28.0
30,0,1,2,3,5.284417637691547,65.0,14.943480638991332,6.0,-59.0
30,0,2,1,3,19.76806286537095,74.0,22.326528731654065,59.0,-15.0
30,0,2,2,4,19.76806286537095,75.0,18.545368770980417,21.0,-54.0
30,1,1,1,2,16.30531499485508,50.0,12.897957801823281,31.0,-19.0
30,1,1,2,3,16.30531499485508,46.0,10.410102701736037,34.0,-12.0
30,1,2,1,3,15.581274685281926,47.0,18.151876885126114,40.0,-7.0
30,1,2,2,4,15.581274685281926,60.0,23.58266707197376,24.0,-36.0
30,2,1,1,2,13.428406050450604,72.0,22.238353243362297,33.0,-39.0
30,2,1,2,3,13.428406050450604,82.0,22.4774916171871,19.0,-63.0
30,2,2,1,3,24.46675667381146,83.0,28.24286309564738,74.0,-9.0
30,2,2,2,4,24.46675667381146,90.0,30.932587048006184,20.0,-70.0
30,3,1,1,2,6.485203549708217,30.0,12.116442414781773,14.0,-16.0
30,3,1,2,3,6.485203549708217,36.0,8.899032061974566,3.0,-33.0
30,3,2,1,3,12.605603256863333,27.0,19.53073997788499,19.0,-8.0
30,3,2,2,4,12.605603256863333,33.0,10.489053197938745,7.0,-26.0
30,4,1,1,2,16.305314994855053,54.0,22.47050388986972,53.0,-1.0
30,4,1,2,3,16.305314994855053,56.0,18.10380576246058,38.0,-18.0
30,4,2,1,3,21.5897326325466,34.0,26.288363828914783,48.0,14.0
30,4,2,2,4,21.5897326325466,36.0,17.389604275933095,52.0,16.0
30,5,1,1,2,16.305314994855053,57.0,22.47050388986972,56.0,-1.0
30,5,1,2,3,16.305314994855053,64.0,31.046943851493893,44.0,-20.0
30,5,2,1,3,22.17581385466346,48.0,28.579679072171132,59.0,11.0
30,5,2,2,4,22.17581385466346,68.0,24.00860164070008,52.0,-16.0
30,6,1,1,2,18.209286491585317,50.0,34.96000128096506,53.0,3.0
30,6,1,2,3,18.209286491585317,49.0,32.121959462379635,-1.0,-50.0
30,6,2,1,3,38.290642428655275,60.0,51.83142237140686,69.0,9.0
30,6,2,2,4,38.290642428655275,59.0,46.652659930601345,13.0,-46.0
30,7,1,1,2,7.1224539125528,11.0,15.474691466972047,21.0,10.0
30,7,1,2,3,7.1224539125528,31.0,11.526230194520593,8.0,-23.0
30,7,2,1,3,15.59489420024309,34.0,23.27495873777866,23.0,-11.0
30,7,2,2,4,15.59489420024309,26.0,13.848667991334054,0.0,-26.0
30,8,1,1,2,16.305314994855053,24.0,13.41577957949707,32.0,8.0
30,8,1,2,3,16.305314994855053,38.0,21.93703380661333,3.0,-35.0
30,8,2,1,3,16.66292735092071,19.0,30.287200669938898,38.0,19.0
30,8,2,2,4,16.66292735092071,33.0,26.05322885775007,34.0,1.0
30,9,1,1,2,16.30531499485508,44.0,32.5072303397904,43.0,-1.0
30,9,1,2,3,16.30531499485508,60.0,26.209660459267795,48.0,-12.0
30,9,2,1,3,33.13557701369453,75.0,39.28596432282549,83.0,8.0
30,9,2,2,4,33.13557701369453,88.0,36.272776575451516,49.0,-39.0
